поле	было	стало	треков
artist	Âëàäèìèð Âûñîöêèé	Владимир Высоцкий	190
albumartist	Ìóìèé Òðîëëü	Мумий Тролль	182
artist	Ìóìèé Òðîëëü	Мумий Тролль	178
albumartist	Âëàäèìèð Âûñîöêèé	Владимир Высоцкий	152
composers	Èëüÿ Ëàãóòåíêî	Илья Лагутенко	152
artist	Àãàòà Êðèñòè	Агата Кристи	126
artist	Ìîðàëüíûé êîäåêñ	Моральный кодекс	65
albumartist	Ñåðãåé Ìèíàåâ	Сергей Минаев	63
artist	Ñåðãåé Ìèíàåâ	Сергей Минаев	63
genres	Àâòîðñêàÿ ïåñíÿ	Авторская песня	59
album	Íî ÿ íå æàëåþ (CD3)	Но я не жалею (CD3)	38
album	Ïóòåøåñòâèå â Ïðîøëîå (CD5)	Путешествие в Прошлое (CD5)	35
album	Êîíöåðò Äëÿ Äèñêîòåê (3 - 4)	Концерт Для Дискотек (3 - 4)	34
albumartist	Àëåêñàíäð Ðîçåíáàóì è Áðàòüÿ Æåì÷óæíûå	Александр Розенбаум и Братья Жемчужные	34
artist	Àëåêñàíäð Ðîçåíáàóì è Áðàòüÿ Æåì÷óæíûå	Александр Розенбаум и Братья Жемчужные	34
album	Ïîãîâîðè õîòü òû ñî ìíîé (CD4)	Поговори хоть ты со мной (CD4)	31
album	Êîíöåðò Äëÿ Äèñêîòåê (1 - 2)	Концерт Для Дискотек (1 - 2)	29
album	Èâàí äà Ìàðüÿ (CD7)	Иван да Марья (CD7)	27
albumartist	Âëàäèìèð Êóçüìèí	Владимир Кузьмин	27
artist	Âëàäèìèð Êóçüìèí	Владимир Кузьмин	27
albumartist	Àëåêñàíäð Ðîçåíáàóì	Александр Розенбаум	25
artist	Àëåêñàíäð Ðîçåíáàóì	Александр Розенбаум	25
album	Øàìîðà. Ïðàâäà Î Ìóìèÿõ È Òðîëëÿõ 1983-1990	Шамора. Правда О Мумиях И Троллях 1983-1990	24
album	Â ñîïðîâîæäåíèè àíñàìáëÿ «Ìåëîäèÿ» ï/ó Ã. Ãàðàíÿíà	В сопровождении ансамбля «Мелодия» п/у Г. Гараняна	23
artist	Ëèíäà	Линда	22
label	Ñîþç - SZCD 5623-08 (Russia)	Союз - SZCD 5623-08 (Russia)	21
genres	Íåèçâåñòíî	Неизвестно	20
album	Ýíåðãèÿ	Энергия	18
albumartist	ÀëèñÀ	АлисА	18
albumartist	ÄÄÒ	ДДТ	18
artist	Àëèñà	Алиса	18
album	10 ëåò æèçíè	10 лет жизни	17
artist	ÀëèñÀ	АлисА	16
artist	ÄÄÒ	ДДТ	16
album	Êîíöåðò íà ËÎÌÎ	Концерт на ЛОМО	15
albumartist	Àëèñà	Алиса	15
album	Èêðà (Reissue)	Икра (Reissue)	14
album	Êîâàðñòâî è ëþáîâü	Коварство и любовь	14
album	Ìîðñêàÿ (Reissue)	Морская (Reissue)	14
album	Ïèðàòñêèå êîïèè	Пиратские копии	14
album	Ðåäêèå Çåìëè	Редкие Земли	14
album	Ñîòðÿñåèå ìîçãà	Сотрясеие мозга	14
album	×óäåñà	Чудеса	14
label	Ìèñòåðèÿ Çâóêà - MZ 486-9 (Russia)	Мистерия Звука - MZ 486-9 (Russia)	14
label	ÑÎÞÇ - SZCD 5212-08 (Russia)	СОЮЗ - SZCD 5212-08 (Russia)	14
label	Ñîþç - SZCD 5209-08 (Russia)	Союз - SZCD 5209-08 (Russia)	14
album	Ìîé äðóã óåõàë â Ìàãàäàí (ñòóäèÿ «RCA», Ìîíðåàëü)	Мой друг уехал в Магадан (студия «RCA», Монреаль)	13
album	Îïèóì	Опиум	13
album	Òî÷íî Ðòóòü Àëîý	Точно Ртуть Алоэ	13
albumartist	Êàñòà	Каста	13
artist	Êàñòà	Каста	13
label	Óòåêàé - UTK 3147-8 (Russia)	Утекай - UTK 3147-8 (Russia)	13
album	Äâà êîðàáëÿ (remixed2)	Два корабля (remixed2)	12
album	Óðàãàí	Ураган	12
album	Õîðîøèå íîâîñòè	Хорошие новости	12
label	Óòåêàé - UTK 3147-3 (Russia)	Утекай - UTK 3147-3 (Russia)	12
label	Óòåêàé - UTK 3147-4 (Russia)	Утекай - UTK 3147-4 (Russia)	12
album	Âòîðîé ôðîíò	Второй фронт	11
album	Äåêàäàíñ	Декаданс	11
album	Ïîçîðíàÿ çâåçäà	Позорная звезда	11
album	Ïðåðâàííûé ïîëåò (ñòóäèÿ «Resonances», ôèðìà «Le Chant Du Monde», Ïàðèæ)	Прерванный полет (студия «Resonances», фирма «Le Chant Du Monde», Париж)	11
album	Òðèëëåð ÷àñòü 1	Триллер часть 1	11
comments	Àðàíæèðîâêè Êîñòè Êàçàíñêîãî, ãèòàðû - Êëîä Ïàâè, Êîñòÿ Êàçàíñêèé, áàñ-ãèòðàðû - Ïüåð Ìîðåéîí, Õþáåð Òèññüå	Аранжировки Кости Казанского, гитары - Клод Пави, Костя Казанский, бас-гитрары - Пьер Морейон, Хюбер Тиссье	11
album	Àíòîëîãèÿ 2. Ïîñâÿùåíèå Ïîñâÿùàþùèì	Антология 2. Посвящение Посвящающим	10
album	×óäî-ñíîâèäåíèÿ	Чудо-сновидения	10
album	ó À.Ñêîñûðåâà 02.1972 Ìîñêâà, óë.8 Ìàðòà	у А.Скосырева 02.1972 Москва, ул.8 Марта	10
comments	Êîëëåêöèÿ: es-home@mail.ru	Коллекция: es-home@mail.ru	10
label	Íèêèòèí - ÌÄÑ-CD 78/12 (Russia)	Никитин - МДС-CD 78/12 (Russia)	10
album	SOS Ìàòðîñó	SOS Матросу	9
album	Ïîêà íå ïðèøåë ïîíåäåëüíèê	Пока не пришел понедельник	9
album	Ïîõèòèòåëè Êíèã (Ìóçûêà Ôèëüìà)	Похитители Книг (Музыка Фильма)	9
composers	Þ. Öàëåð, È. Ëàãóòåíêî	Ю. Цалер, И. Лагутенко	9
label	Ìèñòåðèÿ Çâóêà - MZ 195-2 (Russia)	Мистерия Звука - MZ 195-2 (Russia)	9
album	Ìîÿ ëþáîâü	Моя любовь	8
album	Ñëèÿíèå è Ïîãëîùåíèå	Слияние и Поглощение	8
album	Øåñòîé ëåñíè÷èé	Шестой лесничий	8
album	ß âûáèðàþ òåáÿ	Я выбираю тебя	8
title	Èíòðî	Интро	8
album	Àìáà	Амба	7
album	Ìåàìóðû	Меамуры	7
album	Øåñòîé Ëåñíè÷èé	Шестой Лесничий	7
label	Ñîþç - SZCD 483207 (Russia)	Союз - SZCD 4832–07 (Russia)	7
title	Äâà êîðàáëÿ	Два корабля	6
albumartist	Ïèêíèê	Пикник	4
artist	Ïèêíèê	Пикник	4
title	Èíòðîäóêöèÿ	Интродукция	4
album	Áûëü Â Ãëàçà	Быль В Глаза	3
album	Ãðîì÷å Âîäû, Âûøå Òðàâû	Громче Воды, Выше Травы	3
artist	Ëåíèíãðàä	Ленинград	3
artist	Íàãàíî	Нагано	3
artist	Òàíöû ìèíóñ	Танцы минус	3
title	Êîíè ïðèâåðåäëèâûå	Кони привередливые	3
title	Ñïàñèòå íàøè äóøè	Спасите наши души	3
album	Áåãñòâî ìèñòåðà Ìàê-Êèíëè (CD8	Бегство мистера Мак-Кинли (CD8	2
album	Òð¸õìåðíûå Ðèôìû (Ïåðåèçäàíèå)	Трёхмерные Рифмы (Переиздание)	2
album	Ôåíèêñ	Феникс	2
album	×òî Íàì Äåëàòü Â Ãðåöèè	Что Нам Делать В Греции	2
albumartist	Ëÿ Ìèíîðú	Ля Миноръ	2
artist	Àëëà Ïóãà÷åâà	Алла Пугачева	2
artist	Â.Ñ. Âûñîöêèé	В.С. Высоцкий	2
artist	Ëåîíèä Óòåñîâ	Леонид Утесов	2
artist	Ëÿïèñ Òðóáåöêîé	Ляпис Трубецкой	2
artist	Ïðîôåññîð Ëåáåäèíñêèé	Профессор Лебединский	2
comments	ÑÀÌÀß ÍÎÂÀß È ÑÀÌÀß ÊËÀÑÑÍÀß ÌÓÇÛÊÀ ÍÀÑÒÈ	САМАЯ НОВАЯ И САМАЯ КЛАССНАЯ МУЗЫКА НАСТИ	2
composers	Ì,Ôàäååâ	М,Фадеев	2
composers	Þ.Øåâ÷óê	Ю.Шевчук	2
genres	Êëàññè÷åñêèé ðîê	Классический рок	2
grouping	Ñòàðûé äîáðûé ðîê	Старый добрый рок	2
title	Àáîðäàæ	Абордаж	2
title	Àéëàâüþ	Айлавью	2
title	Àíãëèéñêàÿ áîäÿãà	Английская бодяга	2
title	Àóñâàéñ íà íåáî	Аусвайс на небо	2
title	Áîëüøîé Êàðåòíûé	Большой Каретный	2
title	Â ïèêó, à íå â ÷åðâó	В пику, а не в черву	2
title	Âå÷íàÿ ëþáîâü	Вечная любовь	2
title	Âîëíà	Волна	2
title	Ãèòàðà	Гитара	2
title	Ãðÿçü	Грязь	2
title	Äâîðíèê	Дворник	2
title	Äèêèå.	Дикие.	2
title	Äèñêîòåêà	Дискотека	2
title	Äî íàøåé ýðû ñîáëþäàëîñü ÷óâñò	До нашей эры соблюдалось чувст	2
title	Äîêòîð Áóãè	Доктор Буги	2
title	Äîì õðóñòàëüíûé	Дом хрустальный	2
title	Çðèòåëü	Зритель	2
title	Çÿòü	Зять	2
title	Èçâðàùåíèå	Извращение	2
title	Èíñïåêòîð ïî...	Инспектор по...	2
title	Èñòåðèêà	Истерика	2
title	Êàê íà âîéíå	Как на войне	2
title	Êàðèíà	Карина	2
title	Êîðâåò óõîäèò â íåáåñà	Корвет уходит в небеса	2
title	Êóïîëà Ðîññèéñêèå	Купола Российские	2
title	Ëåãèîí	Легион	2
title	Ìàëî îãíÿ	Мало огня	2
title	Ìàðèõóàíà	Марихуана	2
title	Ìíå íðàâèòñÿ	Мне нравится	2
title	Ìîé äðóã óåõàë â Ìàãàäàí	Мой друг уехал в Магадан	2
title	Ìîðÿê	Моряк	2
title	Ìû âðàùàåì Çåìëþ	Мы вращаем Землю	2
title	Íàñèëèå	Насилие	2
title	Íàò Ïèíêåðòîí - âîò ñ äåòñòâà	Нат Пинкертон - вот с детства	2
title	Íàøè ïðåäêè - ëþäè òåìíûå è ãð	Наши предки - люди темные и гр	2
title	Íå ñòðåëÿé	Не стреляй	2
title	Íèêîãäà	Никогда	2
title	Íèêîìó ÿ òåáÿ íå îòäàì	Никому я тебя не отдам	2
title	Íèñõîæäåíèå	Нисхождение	2
title	Íîâûé ìåòîä	Новый метод	2
title	Îíà áûëà â Ïàðèæå	Она была в Париже	2
title	Îíàíèñò	Онанист	2
title	Îïèóì äëÿ íèêîãî	Опиум для никого	2
title	Îò Õîëîäà Äî Òåïëà	От Холода До Тепла	2
title	Îòïóñòè ìåíÿ	Отпусти меня	2
title	Ïàíòåðà	Пантера	2
title	Ïåñíÿ î íîâîì âðåìåíè	Песня о новом времени	2
title	Ïîãîâîðè õîòü òû ñî ìíîé	Поговори хоть ты со мной	2
title	Ïîçîðíàÿ çâåçäà	Позорная звезда	2
title	Ðîæäåíèå ñòèõîâ	Рождение стихов	2
title	Ðîæäåííûé â ÑÑÑÐ	Рожденный в СССР	2
title	Ðîçîâûé áèíò	Розовый бинт	2
title	Ñåâåðíûé âåòåð	Северный ветер	2
title	Ñêàçî÷íàÿ òàéãà	Сказочная тайга	2
title	Ñêàëîëàçêà	Скалолазка	2
title	Ñêîëüêî ÿ íè ñòàðàëñÿ, ñêîëüêî	Сколько я ни старался, сколько	2
title	Ñìîòðèíû	Смотрины	2
title	Ñíû	Сны	2
title	Ñîêîâûæèìàòåëü	Соковыжиматель	2
title	Òîñêà áåç êîíöà	Тоска без конца	2
title	Òðàíñèëüâàíèÿ	Трансильвания	2
title	Óðàãàí	Ураган	2
title	Óòðåííÿÿ ãèìíàñòèêà	Утренняя гимнастика	2
title	Õîëîä	Холод	2
title	Öèãàíî÷êà (Â.Âûñîöêèé)	Циганочка (В.Высоцкий)	2
title	×¸ðíûé ï¸ñ - Ïèòåðáóðã (Live)	Чёрный пёс - Питербург (Live)	2
title	×àñòóøêè	Частушки	2
title	×åëîâåê è êîøêà	Человек и кошка	2
title	×òî òàêîå îñåíü	Что такое осень	2
title	Ýêñïåðèìåíòàòîð	Экспериментатор	2
title	Ýíåðãèÿ	Энергия	2
title	Ýòî Âñ¸	Это Всё	2
title	ß ïîëó÷èë ýòó ðîëü	Я получил эту роль	2
title	ßðìàðêà	Ярмарка	2
title	êðóã îò ðóêè	круг от руки	2
album	...÷òî-òî ãàñíåò ñèãàðåòà	...что-то гаснет сигарета	1
album	Âåñ âçÿò! (1969-1978)	Вес взят! (1969-1978)	1
album	È ñíîâà çäðàâñòâóéòå	И снова здравствуйте	1
album	Ëåòèò ïàðîâîç (ðåïåðòóàð 1960-1965 ãîäà)	Летит паровоз (репертуар 1960-1965 года)	1
album	Ïåñíÿ î Âîëãå	Песня о Волге	1
album	Ïî Ïðèêîëó (Ìàêñè-Ñèíãë)	По Приколу (Макси-Сингл)	1
album	Òèõîðåöêàÿ	Тихорецкая	1
albumartist	Àëëà Ïóãà÷åâà	Алла Пугачева	1
albumartist	Áàáà-ßãà	Баба-Яга	1
albumartist	Åâðåéñêèå	Еврейские	1
albumartist	Êàðàïóçèêè è Ëÿïèñ Òðóáåöêîé	Карапузики и Ляпис Трубецкой	1
albumartist	Òàíöû	Танцы	1
artist	Áàáà-ßãà	Баба-Яга	1
artist	Åâðåéñêèå	Еврейские	1
artist	Êàðàïóçèêè è Ëÿïèñ Òðóáåöêîé	Карапузики и Ляпис Трубецкой	1
artist	Êîðîëü è Øóò	Король и Шут	1
artist	Òàíöû	Танцы	1
comments	Äèñê 8	Диск 8	1
comments	Çàãðóçèë BlackWhiteOrange                   http://forum.zaycev.net/index.php?showuser=37669	Загрузил BlackWhiteOrange                   http://forum.zaycev.net/index.php?showuser=37669	1
comments	îé äà íå âå÷åð	ой да не вечер	1
composers	Â.Âûñîöêèé	В.Высоцкий	1
composers	È. Ôàðìàêîâñêèé, Þ. Öàëåð, Å. Çâèäåííûé, Î. Ïóíãèí	И. Фармаковский, Ю. Цалер, Е. Звиденный, О. Пунгин	1
composers	Ïàâåë Øåâ÷óê, Þðèé Öàëåð	Павел Шевчук, Юрий Цалер	1
composers	Ô¸äîð ×èñòÿêîâ	Фёдор Чистяков	1
genres	áàðä	бард	1
lyrics	Intro 5
Âàðèàöèè èç íîâàãî àëüáîìà
Intro 6
Íèíà
Intro 7
Æèçíü àðòèñòà
Intro 8
Âðåìå÷êî
Intro 9
ß óìåþ ìå÷òàòü
Intro 10
Íîâûé ãîä	Intro 5
Вариации из новаго альбома
Intro 6
Нина
Intro 7
Жизнь артиста
Intro 8
Времечко
Intro 9
Я умею мечтать
Intro 10
Новый год	1
title	"Àëåøêà æàðèë íà áàÿíå..."	"Алешка жарил на баяне..."	1
title	"Ãîëîëåä íà çåìëå, ãîëîëåä..."	"Гололед на земле, гололед..."	1
title	"Ãðîì ïðîãðåìåë - çîëÿöèÿ èäåò	"Гром прогремел - золяция идет	1
title	"Çàïîìíþ, çàïîìíþ, çàïîìíþ òîò	"Запомню, запомню, запомню тот	1
title	"Çäåñü ñèäåë òû, Âàëåò..."	"Здесь сидел ты, Валет..."	1
title	"Çäðàñüòå, ìîå ïî÷òåíüå..."	"Здрасьте, мое почтенье..."	1
title	"Çëàÿ ìà÷åõà ó Ìàøè..."	"Злая мачеха у Маши..."	1
title	"Êàê ïî Âîëãå-ìàòóøêå..."	"Как по Волге-матушке..."	1
title	"Êàòåðèíà, Êàòÿ, Êàòåðèíà..."	"Катерина, Катя, Катерина..."	1
title	"Ìíå ðåáÿòà ñêàçàëè..."	"Мне ребята сказали..."	1
title	"Ìíîãî âî ìíå ìàìèíîãî..."	"Много во мне маминого..."	1
title	"Íà Êîëûìå ãäå ñåâåð è òàéãà	"На Колыме где север и тайга	1
title	"Íå ïîêóïàþò íèêàêîé åäû..."	"Не покупают никакой еды..."	1
title	"Ïàðíÿ ñïàñåì..."	"Парня спасем..."	1
title	"Ïîòåðÿþ èñòèííóþ âåðó..."	"Потеряю истинную веру..."	1
title	"Ïðèìîðèëè âîõðû, ïðèìîðèëè"	"Приморили вохры, приморили"	1
title	"Ðàç â ìîñêîâñêîì êàáàêå ñèäåë	"Раз в московском кабаке сидел	1
title	"Ðàíî óòðîì ïðîñíåøñÿ..."	"Рано утром проснешся..."	1
title	"Ñàì ÿ âÿòñêèé óðîæåíåö..."   	"Сам я вятский уроженец..."   	1
title	"Òàê îíî è åñòü..."	"Так оно и есть..."	1
title	"Òî áûëà íå èíòðèæêà..."	"То была не интрижка..."	1
title	"Ó ìåíÿ áûëî ñîðîê ôàìèëèé..."	"У меня было сорок фамилий..."	1
title	"Øíûðèò óðêà â øèðìå ó ìàéäàíù	"Шнырит урка в ширме у майданщ	1
title	"ß áûë áàòàëüîííûé ðàçâåä÷èê..	"Я был батальонный разведчик..	1
title	"ß íåñëà ñâîþ Áåäó..."	"Я несла свою Беду..."	1
title	"ß ñûí ïîäïîëüíîãî ðàáî÷åãî	"Я сын подпольного рабочего	1
title	''ßê''-èñòðåáèòåëü	''Як''-истребитель	1
title	01 - Êòî óêðàë ìîþ çâåçäó.mp3	01 - Кто украл мою звезду.mp3	1
title	02 - Íåìíîãî çåìëè.mp3	02 - Немного земли.mp3	1
title	03 - Â èíòåðåñàõ ðåâîëþöèè.mp	03 - В интересах революции.mp	1
title	04 - Òðèëëåð.mp3	04 - Триллер.mp3	1
title	05 - Ëþáîâü èäåò íà äåëî.mp3	05 - Любовь идет на дело.mp3	1
title	07 - Äíåì è íî÷üþ.mp3	07 - Днем и ночью.mp3	1
title	08 - Ñàäî-Ìàçî.mp3	08 - Садо-Мазо.mp3	1
title	09 - Ïîðâàëè ìå÷òó.mp3	09 - Порвали мечту.mp3	1
title	10 - Ïîêà-ïîêà.mp3	10 - Пока-пока.mp3	1
title	11 - Çâåçäî÷åò.mp3	11 - Звездочет.mp3	1
title	7.40 [åâðåéñêèé] 6	7.40 [еврейский] 6	1
title	SOS Ìàòðîñó!	SOS Матросу!	1
title	À ëþäè âñå ðîïòàëè è ðîïòàëè..	А люди все роптали и роптали..	1
title	À ÿ íå òàêîé	А я не такой	1
title	Àáðàêàäàáðà 2	Абракадабра 2	1
title	Àâòîîòâåò÷èê	Автоответчик	1
title	Àèñòû	Аисты	1
title	Àêâàëàíãè	Акваланги	1
title	Àêóëû èëè Ïàóêà	Акулы или Паука	1
title	Àëåõà	Алеха	1
title	Àëëåðãèÿ	Аллергия	1
title	Àëëî, Ïîïñ!	Алло, Попс!	1
title	Àëìàçàìè	Алмазами	1
title	Àíòèêëåðèêàëüíàÿ	Антиклерикальная	1
title	Àôðèêàíêà	Африканка	1
title	Àõ, íå âèíèòå ìåíÿ â òîì...	Ах, не вините меня в том...	1
title	Àõ, óòîíó ÿ â Çàïàäíîé Äâèíå...	Ах, утону я в Западной Двине...	1
title	Àõ, ýòè íî÷è!...	Ах, эти ночи!...	1
title	Àýðîáèêà	Аэробика	1
title	Áàáüå ëåòî	Бабье лето	1
title	Áàëëàäà î Êîêèëüîíå	Баллада о Кокильоне	1
title	Áàëëàäà î Ëþáâè	Баллада о Любви	1
title	Áàëëàäà î áðîøåííîì êîðàáëå	Баллада о брошенном корабле	1
title	Áàëëàäà î êîðîòêîé øåå	Баллада о короткой шее	1
title	Áàëëàäà î ìàëåíüêîì ÷åëîâåêå	Баллада о маленьком человеке	1
title	Áàëëàäà î ìàíåêåíàõ	Баллада о манекенах	1
title	Áàëëàäà î òîì, êòî íåäîæèë	Баллада о том, кто недожил	1
title	Áàëëàäà îá îðóæèè	Баллада об оружии	1
title	Áàëëàäà îá îðóæèè (âåðñèÿ 2)	Баллада об оружии (версия 2)	1
title	Áàëëàäà îá óõîäå â ðàé	Баллада об уходе в рай	1
title	Áàíãêîê	Бангкок	1
title	Áàíäû	Банды	1
title	Áàíçàé	Банзай	1
title	Áåãëåö	Беглец	1
title	Áåç îáìàíà	Без обмана	1
title	Áåçäîìíàÿ êîìíàòà	Бездомная комната	1
title	Áåëàÿ íî÷ü	Белая ночь	1
title	Áåëîå áåçìîëâèå	Белое безмолвие	1
title	Áåðåã, êîòîðîãî íåò	Берег, которого нет	1
title	Áåññà ìý...	Бесса мэ...	1
title	Áèò áóì	Бит бум	1
title	Áëóäëèâûå Êîòû	Блудливые Коты	1
title	Áîäàéáî	Бодайбо	1
title	Áîêñåðñêèé Âàëüñ	Боксерский Вальс	1
title	Áðàò Òðè	Брат Три	1
title	Áðàòåö Ëóè	Братец Луи	1
title	Áðàòñêèå ìîãèëû	Братские могилы	1
title	Áóòîâî	Бутово	1
title	Áýñà ìå ìó÷î	Бэса ме мучо	1
title	Â Àôãàíèñòàíå	В Афганистане	1
title	Â ãîñïèòàëå	В госпитале	1
title	Â äîëü îáðûâà, ïî íàä áåðåãîì...	В доль обрыва, по над берегом...	1
title	Â äóìàõ î äåâóøêå èç ãîðîäà öåíòðàëüíîãî ïîä÷èíåíèÿ ÊÍÐ	В думах о девушке из города центрального подчинения КНР	1
title	Â êóñêè ðàçëåòåëàñÿ êîðîíà...	В куски разлетелася корона...	1
title	Â ìëàäåí÷åñòâå íàñ ìàòåðè ïóãà	В младенчестве нас матери пуга	1
title	Â ðåéñ	В рейс	1
title	Â ñîí ìíå, æåëòûå îãíè...	В сон мне, желтые огни...	1
title	Â õîëîäà, â õîëîäà...	В холода, в холода...	1
title	Â ýòîì ñâåòå	В этом свете	1
title	Âàðèàöèè íà öûãàíñêèå òåìû	Вариации на цыганские темы	1
title	Âäðóã óøëè ïîåçäà	Вдруг ушли поезда	1
title	Âåðâîëüô	Вервольф	1
title	Âåñíà	Весна	1
title	Âåòåð Ïåðåìåí	Ветер Перемен	1
title	Âå÷åð	Вечер	1
title	Âå÷åðíèé ÷àé	Вечерний чай	1
title	Âèòàìèíû	Витамины	1
title	Âëàäèâîñòîê 2000	Владивосток 2000	1
title	Âëàñòü èñõîäèò îò íàðîäà...	Власть исходит от народа...	1
title	Âëþáë¸ííûé â ìóçûêó	Влюблённый в музыку	1
title	Âîçäóõ	Воздух	1
title	Âîçëÿ ãîðîäà Ïåêèíà	Возля города Пекина	1
title	Âîéíà ×åëîâå÷êîâ	Война Человечков	1
title	Âîëøåáíûé ïëîò	Волшебный плот	1
title	Âîëüíî !	Вольно !	1
title	Âîëüíî!	Вольно!	1
title	Âîñïèòàííèê Óïàâøåé Çâåçäû	Воспитанник Упавшей Звезды	1
title	Âîñïèòàííèê óïàâøåé çâåçäû (Bonus Track)	Воспитанник упавшей звезды (Bonus Track)	1
title	Âîñïîìèíàíèÿ	Воспоминания	1
title	Âîò ãëàâíûé âõîä, íî òîëüêî âî	Вот главный вход, но только во	1
title	Âîò ýòî äà!	Вот это да!	1
title	Âðåìÿ òåïëà	Время тепла	1
title	Âñå ñðîêà óæå çàêîí÷åíû	Все срока уже закончены	1
title	Âñå óøëè íà ôðîíò	Все ушли на фронт	1
title	Âñåöåëî Âñåì	Всецело Всем	1
title	Âñåöåëî âñåì (Bonus Track)	Всецело всем (Bonus Track)	1
title	Âñòðå÷à	Встреча	1
title	Âñòóïèòåëüíîå ñëîâî	Вступительное слово	1
title	Âòîðîé ôðîíò	Второй фронт	1
title	Âûåçä Ñîëîâüÿ-ðàçáîéíèêà	Выезд Соловья-разбойника	1
title	Âûõîä â ãîðîä	Выход в город	1
title	Ãäå âû, äåâî÷êè	Где вы, девочки	1
title	Ãåòåðîñåêñóàëèñò	Гетеросексуалист	1
title	Ãëóáæå	Глубже	1
title	Ãëóõàðè	Глухари	1
title	Ãëþêè	Глюки	1
title	Ãíîìû-êàííèáàëû	Гномы-каннибалы	1
title	Ãîâîðÿò, ÷òî íåêðàñèâî...	Говорят, что некрасиво...	1
title	Ãîëîä (Bonus Track)	Голод (Bonus Track)	1
title	Ãîëîñ	Голос	1
title	Ãîí÷àÿ feat. Çìåé	Гончая feat. Змей	1
title	Ãîï-ñòîï	Гоп-стоп	1
title	Ãîðèçîíò	Горизонт	1
title	Ãîðîä	Город	1
title	Ãîðîäñêîé ðîìàíñ	Городской романс	1
title	Ãîðÿ÷åå Âðåìÿ	Горячее Время	1
title	Ãðàæäàíå àõ ñêîëüêî æ ÿ íå ïåë	Граждане ах сколько ж я не пел	1
title	Ãóëëèâåð	Гулливер	1
title	Äàéòå ñîáàêàì ìÿñà	Дайте собакам мяса	1
title	Äàëåêî	Далеко	1
title	Äàëåêî (Bonus Track)	Далеко (Bonus Track)	1
title	Äâà ïèñüìà. Ïèñüìî èç Ìîñêâû â	Два письма. Письмо из Москвы в	1
title	Äâà ïèñüìà. Ïèñüìî èç äåðåâíè	Два письма. Письмо из деревни	1
title	Äâèæåíèå Âñïÿòü	Движение Вспять	1
title	Äåâî÷êà	Девочка	1
title	Äåâî÷êîäðóã	Девочкодруг	1
title	Äåâóøêà èç Íàãàñàêè	Девушка из Нагасаки	1
title	Äåâóøêè ýìàíñèïý	Девушки эмансипэ	1
title	Äåêàäàíñ	Декаданс	1
title	Äåëà	Дела	1
title	Äåëàé Ìåíÿ Òî÷íî	Делай Меня Точно	1
title	Äåëàé Ðàç	Делай Раз	1
title	Äåëàé Þ-Þ	Делай Ю-Ю	1
title	Äåëàé ìåíÿ òî÷íî (Bonus Track)	Делай меня точно (Bonus Track)	1
title	Äåëüôèíû	Дельфины	1
title	Äåíü Ïîáåäû	День Победы	1
title	Äåíü äîæäÿ	День дождя	1
title	Äåñåðòû	Десерты	1
title	Äæèãè-äçàãè	Джиги-дзаги	1
title	Äèêèé ìóæ÷èíà (live)	Дикий мужчина (live)	1
title	Äèñê-æîêåé	Диск-жокей	1
title	Äîáðîå óòðî, ïëàíåòà!	Доброе утро, планета!	1
title	Äîëÿ ðèñêà	Доля риска	1
title	Äîðîãà	Дорога	1
title	Äîðîãà íà Âàãàíüêîâî	Дорога на Ваганьково	1
title	Äîðîãà ïàóêà	Дорога паука	1
title	Äîðîæíàÿ èñòîðèÿ	Дорожная история	1
title	Äðóãèå Ìåñòà	Другие Места	1
title	Äûì Íàä Âîäîþ (Èíòðî)	Дым Над Водою (Интро)	1
title	Äûì íàä âîäîé	Дым над водой	1
title	Äÿäÿ Ïåòÿ	Дядя Петя	1
title	Åâïàòîðèÿ	Евпатория	1
title	Åãî òàì íå áûëî	Его там не было	1
title	Åìó íå âçÿòü òåáÿ	Ему не взять тебя	1
title	Åñëè Ïîâåçåò	Если Повезет	1
title	Åñëè ÿ çàáîëåþ	Если я заболею	1
title	Åñëè ÿ çàáîëåþ (äóýò ñ Ë.Çûêèí	Если я заболею (дуэт с Л.Зыкин	1
title	Åù¸ â÷åðà	Ещё вчера	1
title	Åùå íå âå÷åð	Еще не вечер	1
title	Æàáðû	Жабры	1
title	Çà õëåá è âîäó	За хлеб и воду	1
title	Çàáàâû	Забавы	1
title	Çàâèñòü	Зависть	1
title	Çàïîâåäíèê	Заповедник	1
title	Çàïóñê ðàêåòîïëàíà «Èîñèô Ñòàëèí» íà Ëóíó	Запуск ракетоплана «Иосиф Сталин» на Луну	1
title	Çàðèñîâêà èç Ëåíèíãðàäà	Зарисовка из Ленинграда	1
title	Çàñòðàõóé Áðàòóõó	Застрахуй Братуху	1
title	Çàòÿæíîé ïðûæîê	Затяжной прыжок	1
title	Çàõîäèòå ê íàì íà îãîíåê	Заходите к нам на огонек	1
title	Çâ¸çäíîå ãåñòàïî	Звёздное гестапо	1
title	Çâó÷èò Øîïåí	Звучит Шопен	1
title	Çäðàâñòâóéäîñâèäàíèÿ	Здравствуйдосвидания	1
title	Çåêà Âàñèëüåâ è Ïåòðîâ-çåêà	Зека Васильев и Петров-зека	1
title	Çåëåíûé Rocks	Зеленый Rocks	1
title	Çåìëÿ	Земля	1
title	Çîéêà	Зойка	1
title	Çîëîòî è ëàäàí	Золото и ладан	1
title	Çîëîòîå ñåðäöå	Золотое сердце	1
title	Çîëîòûå Âîðîòà	Золотые Ворота	1
title	È äóøà, è ãîëîâà, êàæèñü áîëèò	И душа, и голова, кажись болит	1
title	Èâàí äà Ìàðüÿ	Иван да Марья	1
title	Èäè, ß Áóäó	Иди, Я Буду	1
title	Èç äåòñòâà	Из детства	1
title	Èç æèçíè ðàáî÷èõ	Из жизни рабочих	1
title	Èçâîç÷èê	Извозчик	1
title	Èíîïëàíåòíûé ãîñòü	Инопланетный гость	1
title	Èñòîìà ÿùèðåöåé ïîëçàåò â êîñòÿõ...	Истома ящирецей ползает в костях...	1
title	Èõ íàäî ñáðîñèòü ñ ïåðåâàëà	Их надо сбросить с перевала	1
title	Ê 15-ëåòèþ Òåàòðà íà Òàãàíêå	К 15-летию Театра на Таганке	1
title	Ê 50-ëåòèþ Îëåãà Åôðåìîâà	К 50-летию Олега Ефремова	1
title	Ê 50-ëåòèþ Îëåãà Åôðåìîâà (â2)	К 50-летию Олега Ефремова (в2)	1
title	Ê 60-ëåòèþ Âàëåíòèíà Ïëó÷åêà	К 60-летию Валентина Плучека	1
title	Ê âåðøèíå	К вершине	1
title	Êàæåòñÿ	Кажется	1
title	Êàçà÷üÿ ïåñíÿ	Казачья песня	1
title	Êàê áóäòî	Как будто	1
title	Êàê íà ãðèô ñòðóíó...	Как на гриф струну...	1
title	Êàê ïî Âîëãå-ìàòóøêå (äóýò ñ Ì	Как по Волге-матушке (дуэт с М	1
title	Êàê ó íàñ âåñåëÿòñÿ òîâàðèùè	Как у нас веселятся товарищи	1
title	Êàêîé Òÿæåëûé Äåíü	Какой Тяжелый День	1
title	Êàêîé áîëüøîé âåòåð!	Какой большой ветер!	1
title	Êàìíåì ãðóñòü âèñèò íà ìíå...	Камнем грусть висит на мне...	1
title	Êàíêàí	Канкан	1
title	Êàðíàâàë	Карнавал	1
title	Êàðíàâàëà.Íåò	Карнавала.Нет	1
title	Êàññåòíûé ìàëü÷èê	Кассетный мальчик	1
title	Êàòåðèíà, Êàòÿ, Êàòåðèíà...	Катерина, Катя, Катерина...	1
title	Êëóáíè÷íàÿ	Клубничная	1
title	Êíèæêà ñ íåïðèëè÷íûì íàçâàíèåì	Книжка с неприличным названием	1
title	Êî Ìíå	Ко Мне	1
title	Êî ìíå	Ко мне	1
title	Êîâ¸ð-âåðòîë¸ò	Ковёр-вертолёт	1
title	Êîãäà òû áûëà	Когда ты была	1
title	Êîììèñèîííûé ðåøèëè áðàòü	Коммисионный решили брать	1
title	Êîììóíàëüíûé áëþç	Коммунальный блюз	1
title	Êîìïðîìèñ	Компромис	1
title	Êîíäóêòîð	Кондуктор	1
title	Êîíòðàáàíäû	Контрабанды	1
title	Êîðàáëè	Корабли	1
title	Êîðàëëû	Кораллы	1
title	Êîðîëåâà ðîêà	Королева рока	1
title	Êîðñàð. Åùå íå âå÷åð	Корсар. Еще не вечер	1
title	Êîñìè÷åñêèé Äåñàíòíèê	Космический Десантник	1
title	Êîò êîòà (Âîò È Âñÿ Ëþáîâü)	Кот кота (Вот И Вся Любовь)	1
title	Êîøêà	Кошка	1
title	Êðàñíîå Íà ×åðíîì	Красное На Черном	1
title	Êðàñíûé ïåòóõ	Красный петух	1
title	Êðîøêà	Крошка	1
title	Êðóã çàìêíóëñÿ	Круг замкнулся	1
title	Êòî áóäåò ñïàñàòü ðîê-í-ðîëë	Кто будет спасать рок-н-ролл	1
title	Êóäà Íàäî Ñìîòðåòü	Куда Надо Смотреть	1
title	Êóêëû	Куклы	1
title	Êóïëåòû íå÷èñòîé ñèëû	Куплеты нечистой силы	1
title	Êóðèëè	Курили	1
title	Ëàçóðíî-áåðþçîâûå	Лазурно-берюзовые	1
title	Ëàé-ëàé-ëàé	Лай-лай-лай	1
title	Ëàøàòå ìè êàíòàðå	Лашате ми кантаре	1
title	Ëåñíèê	Лесник	1
title	Ëåñîñïëàâ	Лесосплав	1
title	Ëèãîâêà	Лиговка	1
title	Ëèìáî-Áèìáî	Лимбо-Бимбо	1
title	Ëèðè÷åñêàÿ	Лирическая	1
title	Ëîæèñü, Ïîäïîëêîâíèê!	Ложись, Подполковник!	1
title	Ëóêîìîðüÿ áîëüøå íåò!	Лукоморья больше нет!	1
title	Ëóííûå äåâèöû	Лунные девицы	1
title	Ëó÷è	Лучи	1
title	Ëþáîâü ïîâåðíóëàñü çàäîì	Любовь повернулась задом	1
title	Ìàë¸ê	Малёк	1
title	Ìàëü÷èê-Ñîëäàò	Мальчик-Солдат	1
title	Ìàëü÷èê-ñîëäàò (Bonus Track)	Мальчик-солдат (Bonus Track)	1
title	Ìàìû äî÷åðåé	Мамы дочерей	1
title	Ìàî Äçýäóí...	Мао Дзэдун...	1
title	Ìàðèîíåòêè	Марионетки	1
title	Ìàðóñÿ	Маруся	1
title	Ìàðø ôóòáîëüíîé êîìàíäû - Ìåäâ	Марш футбольной команды - Медв	1
title	Ìàñëî	Масло	1
title	Ìåäâåäèöà	Медведица	1
title	Ìåäâåäèöà (Bestoloch Mix)	Медведица (Bestoloch Mix)	1
title	Ìåäëåííûå òàíöû	Медленные танцы	1
title	Ìåëîìàí	Меломан	1
title	Ìåñüå Æàí	Месье Жан	1
title	Ìåòåëü	Метель	1
title	Ìèñòåðèÿ õèïïè	Мистерия хиппи	1
title	Ìèøêà Ëàðèí	Мишка Ларин	1
title	Ìíå ïåë íàøåïòûâàë íà÷àëüíèê èç ñûñêíîé...	Мне пел нашептывал начальник из сыскной...	1
title	Ìíå ðåáÿòà ñêàçàëè	Мне ребята сказали	1
title	Ìî¸ Ïîêîëåíèå	Моё Поколение	1
title	Ìîå ïîêîëåíèå	Мое поколение	1
title	Ìîé Ìèêðîôîí	Мой Микрофон	1
title	Ìîé äâîð	Мой двор	1
title	Ìîé ìîòîöèêë (live)	Мой мотоцикл (live)	1
title	Ìîëèòâà	Молитва	1
title	Ìîëíèÿ	Молния	1
title	Ìîëîäîñòü	Молодость	1
title	Ìîðñêàÿ áîëåçíü	Морская болезнь	1
title	Ìîñêâà - Îäåññà	Москва - Одесса	1
title	Ìîòîöèêëåòêà	Мотоциклетка	1
title	Ìîøêà	Мошка	1
title	Ìîÿ Ïå÷àëü	Моя Печаль	1
title	Ìîÿ ëþáîâü	Моя любовь	1
title	Ìîÿ ïåâèöà	Моя певица	1
title	Ìîÿ öûãàíñêàÿ	Моя цыганская	1
title	Ìóçûêà Áåç Ïåðåðûâà	Музыка Без Перерыва	1
title	Ìóçûêàíò	Музыкант	1
title	Ìû Áûëè Âìåñòå	Мы Были Вместе	1
title	Ìû Âìåñòå	Мы Вместе	1
title	Ìû áûëè âìåñòå	Мы были вместе	1
title	Ìû âìåñòå	Мы вместе	1
title	Ìû èäåì ëþáîâü èñêàòü	Мы идем любовь искать	1
title	Ìû ñ Òîáîé Ïîïàëè	Мы с Тобой Попали	1
title	Ìû ñòðàííî âñòðåòèëèñü...	Мы странно встретились...	1
title	Ìÿ÷èê	Мячик	1
title	Íà Èïïîäðîìå	На Ипподроме	1
title	Íà Ïåðåêðåñòêàõ Ñóäüáû (Ñòàíü ×åëîâåêîì)	На Перекрестках Судьбы (Стань Человеком)	1
title	Íà Ïåðîâñêîì íà áàçàðå	На Перовском на базаре	1
title	Íà Ïðàçäíèê	На Праздник	1
title	Íà îäíîãî	На одного	1
title	Íà óäà÷ó	На удачу	1
title	Íà óëèöå Ãîðîõîâîé...	На улице Гороховой...	1
title	Íà ÿäû	На яды	1
title	Íàâåñåëå	Навеселе	1
title	Íàäî óéòè	Надо уйти	1
title	Íàëåòåëà ãðóñòü	Налетела грусть	1
title	Íàðêîòèêàì  Íåò!	Наркотикам – Нет!	1
title	Íàøå âðåìÿ	Наше время	1
title	Íàøè Ëþäè	Наши Люди	1
title	Íàøèì Ïàöàíàì Ïîñâÿùàåòñÿ	Нашим Пацанам Посвящается	1
title	Íå çàðåêàéñÿ	Не зарекайся	1
title	Íå çâåçäà	Не звезда	1
title	Íå î÷åíü	Не очень	1
title	Íå ïèñàòü ñòèõîâ ìíå è ðîìàíîâ	Не писать стихов мне и романов	1
title	Íå ïîêóïàþò íèêàêîé åäû (â.2)	Не покупают никакой еды (в.2)	1
title	Íå óâîäèòå ìåíÿ èç Âåñíû	Не уводите меня из Весны	1
title	Íå óâîäèòå ìåíÿ èç âåñíû	Не уводите меня из весны	1
title	Íåâåñòà?	Невеста?	1
title	Íåâèäèìêà	Невидимка	1
title	Íåäîëþáèë	Недолюбил	1
title	Íåäîïîíèìàþùàÿ	Недопонимающая	1
title	Íåæèâàÿ âîäà	Неживая вода	1
title	Íåïîêîé	Непокой	1
title	Íåò Íåò Íåò	Нет Нет Нет	1
title	Íåò îñòðûõ îùóùåíèé, âñå ñòàðüå...	Нет острых ощущений, все старье...	1
title	Íåòó Âðåìåíè	Нету Времени	1
title	Íè òàì íè òóò	Ни там ни тут	1
title	Íîâàÿ ëóíà àïðåëÿ	Новая луна апреля	1
title	Íîâàÿ ëóíà àïðåëÿ (Bonus Track)	Новая луна апреля (Bonus Track)	1
title	Íîâûé ãîä	Новый год	1
title	Íîâûé ãîä 2001 (live)	Новый год 2001 (live)	1
title	Íîìåðîê feat. Êð¸ñòíàÿ Ñåìüÿ	Номерок feat. Крёстная Семья	1
title	Íîðìàëüíûé áèçíåñ	Нормальный бизнес	1
title	Íîÿáðü	Ноябрь	1
title	Î Õîëîäàõ	О Холодах	1
title	Î âêóñàõ íå ñïîðÿò	О вкусах не спорят	1
title	Î ÷¸ì ðàññêàæåò	О чём расскажет	1
title	Î, ðàé!	О, рай!	1
title	Îáåùàíèÿ	Обещания	1
title	Îáèäíî, ýõ,  äîñàäíî	Обидно, эх,  досадно	1
title	Îãîíüêè	Огоньки	1
title	Îçàðåíüå	Озаренье	1
title	Îêîí÷àíèå	Окончание	1
title	Îëîâÿííûå ñîëäàòèêè	Оловянные солдатики	1
title	Îí áûë õèðóðãîì, äàæå íåéðî...	Он был хирургом, даже нейро...	1
title	Îí êàïèòàí,è ðîäèíà åãîÌàðñåëü	Он капитан,и родина егоМарсель	1
title	Îí íå âåðíóëñÿ èç áîÿ	Он не вернулся из боя	1
title	Îíà ñêàçàëà: "Íå ëþáëþ"...	Она сказала: "Не люблю"...	1
title	Îíè ëåòÿò	Они летят	1
title	Îò çâîíêà äî çâîíêà	От звонка до звонка	1
title	Îòïóñòèòå ìíå ãðåõè ìîè òÿæêèå	Отпустите мне грехи мои тяжкие	1
title	Îõ, èíñàéä	Ох, инсайд	1
title	Îõîòà íà âîëêîâ	Охота на волков	1
title	Î÷è ÷åðíûå	Очи черные	1
title	Ïàìÿòè Âàñèëèÿ Øóêøèíà	Памяти Василия Шукшина	1
title	Ïàðê	Парк	1
title	Ïàðóñ	Парус	1
title	Ïåðåäî ìíîé ëþáîé ôàêèð íó ïðî	Передо мной любой факир ну про	1
title	Ïåñåíêà íè ïðî ÷òî, èëè ×òî ñëó÷èëîñü â Àôðèêå	Песенка ни про что, или Что случилось в Африке	1
title	Ïåñåíêà î ïåðåñåëåíèè äóø	Песенка о переселении душ	1
title	Ïåñåíêà ïðî æåíó Ìàìû Äçýäóíà	Песенка про жену Мамы Дзэдуна	1
title	Ïåñåíêà ïðî æåíó Ìàî Äçýäóíà	Песенка про жену Мао Дзэдуна	1
title	Ïåñåíêà ïðî ìàíãóñòîâ	Песенка про мангустов	1
title	Ïåñíÿ Áðîäñêîãî	Песня Бродского	1
title	Ïåñíÿ Ìàðüè	Песня Марьи	1
title	Ïåñíÿ Ìàðüè (äóýò ñ Ì.Âëàäè)	Песня Марьи (дуэт с М.Влади)	1
title	Ïåñíÿ êîìàíäèðîâî÷íîãî	Песня командировочного	1
title	Ïåñíÿ êîíÿ öûãàíñêèõ êðîâåé	Песня коня цыганских кровей	1
title	Ïåñíÿ î Çåìëå	Песня о Земле	1
title	Ïåñíÿ î Íàñòîÿùåì Èíäåéöå	Песня о Настоящем Индейце	1
title	Ïåñíÿ î âåùåé Êàññàíäðå	Песня о вещей Кассандре	1
title	Ïåñíÿ î ñòàðîì äîìå	Песня о старом доме	1
title	Ïåñíÿ î ñóìàñøåäøåì äîìå	Песня о сумасшедшем доме	1
title	Ïåñíÿ ïðî Ñåðåæêó Ôîìèíà	Песня про Сережку Фомина	1
title	Ïåñíÿ ïðî Óãîëîâíûé êîäåêñ	Песня про Уголовный кодекс	1
title	Ïåñíÿ ïðî âðà÷åé	Песня про врачей	1
title	Ïåñíÿ ïðî ÷åðòà	Песня про черта	1
title	Ïåñíÿ-ïàðîäèÿ íà ïëîõîé äåòåêò	Песня-пародия на плохой детект	1
title	Ïåñíÿ-ñêàçêà ïðî äæèííà	Песня-сказка про джинна	1
title	Ïèíêåðòîí	Пинкертон	1
title	Ïèðàòñêèå êîïèè	Пиратские копии	1
title	Ïèñüìî	Письмо	1
title	Ïèñüìî ðàáî÷èì òàìáîâñêîãî çàâ	Письмо рабочим тамбовского зав	1
title	Ïëàòôîðìà ñ÷àñòüÿ	Платформа счастья	1
title	Ïëîõîé Rock'n'Roll	Плохой Rock'n'Roll	1
title	Ïëþñ 28	Плюс 28	1
title	Ïî Ãîëîâå Ñåáå Ïîñòó÷è	По Голове Себе Постучи	1
title	Ïî ïîëó òàïêè ãðîõîòàëè	По полу тапки грохотали	1
title	Ïî ñíåãó, ëåòÿùåìó ñ íåáà	По снегу, летящему с неба	1
title	Ïî-ïðåæíåìó âäâîåì	По-прежнему вдвоем	1
title	Ïîáåã íà ðûâîê	Побег на рывок	1
title	Ïîáóäüòå äåíü âû â ìèëèöåéñêîé	Побудьте день вы в милицейской	1
title	Ïîãîíÿ	Погоня	1
title	Ïîêà íå ïðèøåë ïîíåäåëüíèê	Пока не пришел понедельник	1
title	Ïîëåòàåì	Полетаем	1
title	Ïîëîâèíêà	Половинка	1
title	Ïîëîñû	Полосы	1
title	Ïîìíþ ÿ â áóðó, â î÷êî è â ñòð	Помню я в буру, в очко и в стр	1
title	Ïîñâÿùåíèå Ïîñâÿùàþùèì	Посвящение Посвящающим	1
title	Ïîñâÿùåíèå Þ. Êóêèíó	Посвящение Ю. Кукину	1
title	Ïîñâÿùåíèå ïîñâÿùàþùèì	Посвящение посвящающим	1
title	Ïîñåùåíèå Ìóçû, èëè Ïåñåíêà ïëàãèàòîðà	Посещение Музы, или Песенка плагиатора	1
title	Ïîñèäåëêè-Ïîäãëÿäåëêè	Посиделки-Подгляделки	1
title	Ïîñëåäíèé îòïóñêíîé	Последний отпускной	1
title	Ïîñíÿ Î Ñêîðîé Ïîìîùè	Посня О Скорой Помощи	1
title	Ïîñïè, ðîê-í-ðîëë	Поспи, рок-н-ролл	1
title	Ïîõîä	Поход	1
title	Ïî÷åìó àáîðèãåíû ñúåëè Êóêà	Почему аборигены съели Кука	1
title	Ïðàçäíèê ñåìüè	Праздник семьи	1
title	Ïðåäðàññâåòíûé âàëüñ	Предрассветный вальс	1
title	Ïðåðâàííûé ïîëåò	Прерванный полет	1
title	Ïðèñòàíü òâîåé íàäåæäû	Пристань твоей надежды	1
title	Ïðî Ëþáó	Про Любу	1
title	Ïðî Ìàêñà	Про Макса	1
title	Ïðîâîäè-êà ìåíÿ, áàòÿ, íà âîéíó	Проводи-ка меня, батя, на войну	1
title	Ïðîãóëêà ïî Íåâñêîìó	Прогулка по Невскому	1
title	Ïðîñïàëè	Проспали	1
title	Ïðîñòè Ïðîùàé	Прости Прощай	1
title	Ïðîñòîé ñþæåò	Простой сюжет	1
title	Ïðîôåññèîíàëû	Профессионалы	1
title	Ïðîùàíèå	Прощание	1
title	Ïðîùàíèå ñ ãîðàìè	Прощание с горами	1
title	Ïóëåì¸ò Ìàêñèì	Пулемёт Максим	1
title	Ïóñòü âîçâðàùàþòñÿ	Пусть возвращаются	1
title	Ïóòåøåñòâèå â ïðîøëîå	Путешествие в прошлое	1
title	Ïüÿíàÿ ñòðóíà	Пьяная струна	1
title	Ðàäèîñèãíàëû	Радиосигналы	1
title	Ðàçáîéíè÷üÿ ïåñíÿ	Разбойничья песня	1
title	Ðàíåòêà	Ранетка	1
title	Ðàñêèíóëîñü Ìîðå Øèðîêî	Раскинулось Море Широко	1
title	Ðàñïëàòèëñÿ çà âñå	Расплатился за все	1
title	Ðåáÿòà, íàïèøèòå ìíå ïèñüìî	Ребята, напишите мне письмо	1
title	Ðåâíîñòü	Ревность	1
title	Ðåêâèåì	Реквием	1
title	Ðåêñ - ñîáàêà ïîëêîâíèêà	Рекс - собака полковника	1
title	Ðåöèäèâèñò	Рецидивист	1
title	Ðå÷å÷êà	Речечка	1
title	Ðîçà Ëþêñåíáóðã	Роза Люксенбург	1
title	Ðîìàíñ ãåíåðàëà ×àðíîòû	Романс генерала Чарноты	1
title	Ðîìàíñ ìèññèñ Ðåáóñ	Романс миссис Ребус	1
title	Ðýï	Рэп	1
title	Ñ Íîâûì Ãîäîì, Êðîøêà!!!	С Новым Годом, Крошка!!!	1
title	Ñ ÷èñòîãî ëèñòà	С чистого листа	1
title	Ñàéîíàðà Äèñêà (Bonus Track)	Сайонара Диска (Bonus Track)	1
title	Ñàéîíàðà äèñêà	Сайонара диска	1
title	Ñàìûé çâîíêèé êðèê - òèøèíà	Самый звонкий крик - тишина	1
title	Ñàóíäòðåê	Саундтрек	1
title	Ñâàäåáíàÿ	Свадебная	1
title	Ñâàòîâñòâî ñåìåíà	Сватовство семена	1
title	Ñâåæèé âîçäóõ	Свежий воздух	1
title	Ñâåðêàåò Äèñêîçàë	Сверкает Дискозал	1
title	Ñâèäåòåëè	Свидетели	1
title	Ñâîè îáèäû êàæäûé ÷åëîâåê	Свои обиды каждый человек	1
title	Ñåâåðíûé ïîëþñ	Северный полюс	1
title	Ñåãîäíÿ è çàâòðà	Сегодня и завтра	1
title	Ñåðåíàäà Ñîëîâüÿ-ðàçáîéíèêà	Серенада Соловья-разбойника	1
title	Ñåðîå íåáî	Серое небо	1
title	Ñåðûé òðàóð	Серый траур	1
title	Ñåñòðà	Сестра	1
title	Ñèàìñêèå ñåðäöà	Сиамские сердца	1
title	Ñèãíàëû	Сигналы	1
title	Ñèäèòå ïîòèøå	Сидите потише	1
title	Ñèìîíà	Симона	1
title	Ñèðåíåâûé Êàäèëëàê	Сиреневый Кадиллак	1
title	Ñèðîòà	Сирота	1
title	Ñêàçêà î íåñ÷àñòíûõ ëåñíûõ æèò	Сказка о несчастных лесных жит	1
title	Ñêàçêà ó Åëêè	Сказка у Елки	1
title	Ñêîëüêî Âîèíîâ...	Сколько Воинов...	1
title	Ñêîëüêî ëåò, ñêîëüêî ëåò	Сколько лет, сколько лет	1
title	Ñêîìîðîõè íà ÿðìàðêå	Скоморохи на ярмарке	1
title	Ñêîðåå è áûñòðî	Скорее и быстро	1
title	Ñêîðîñòü	Скорость	1
title	Ñêðèïà÷ Ìîíÿ	Скрипач Моня	1
title	Ñêðèïêà	Скрипка	1
title	Ñëó÷àé íà øàõòå	Случай на шахте	1
title	Ñëó÷àéíîñòè	Случайности	1
title	Ñìîã	Смог	1
title	Ñìóòíûå äíè	Смутные дни	1
title	Ñîáà÷üå ñåðäöå	Собачье сердце	1
title	Ñîëäàò âñåãäà çäîðîâ	Солдат всегда здоров	1
title	Ñîëäàò è ïðèâèäåíèå	Солдат и привидение	1
title	Ñîëäàòñêàÿ ïåñíÿ ãðóñòíàÿ	Солдатская песня грустная	1
title	Ñîëäàòñêàÿ ïåñíÿ ïðîõîäíàÿ	Солдатская песня проходная	1
title	Ñîëíöå çà íàñ	Солнце за нас	1
title	Ñîí ìíå ñíèòñÿ: Âîò-òå íà..!	Сон мне снится: Вот-те на..!	1
title	Ñîíÿ	Соня	1
title	Ñî÷è	Сочи	1
title	Ñïè,Ìîÿ äåòêà,Óñíè	Спи,Моя детка,Усни	1
title	Ñïî¸ìòå î ñåêñå	Споёмте о сексе	1
title	Ñðåäè ìèðîâ â ñèÿíèè ñâåòèë	Среди миров в сиянии светил	1
title	Ñòåðõ	Стерх	1
title	Ñòðàííûå Èãðû	Странные Игры	1
title	Ñòðàííûå äíè	Странные дни	1
title	Ñòðàõó Íåò	Страху Нет	1
title	Ñóäüáà íå ïðîñòàÿ	Судьба не простая	1
title	Ñûíîâüÿ óõîäÿò â áîé	Сыновья уходят в бой	1
title	Ñûòàÿ ñâèíüÿ	Сытая свинья	1
title	Òàãàíêà	Таганка	1
title	Òàê Ñòðàøíî	Так Страшно	1
title	Òàê áóäü æå òû ñ÷àñòëèâà òåïåðü	Так будь же ты счастлива теперь	1
title	Òàê äûìíî, ÷òî â çåðêàëå íåò îòðàæåíüÿ...	Так дымно, что в зеркале нет отраженья...	1
title	Òàê íàäî	Так надо	1
title	Òàêáûâàåòíåñëó÷àéíî	Такбываетнеслучайно	1
title	Òàêèå Äåâ÷îíêè (Android Mix)	Такие Девчонки (Android Mix)	1
title	Òàêèå äåâî÷êè	Такие девочки	1
title	Òàíãî (Ëó÷ íàäåæäû)	Танго (Луч надежды)	1
title	Òàíãî ñ äåëüòàïëàíîì	Танго с дельтапланом	1
title	Òàíöóé, Ðóáëåâêà	Танцуй, Рублевка	1
title	Òàíöóé, òàíöóé	Танцуй, танцуй	1
title	Òàðçàí	Тарзан	1
title	Òâîé ëþáèìûé ìîòèâ	Твой любимый мотив	1
title	Òâîÿ Ëåòíÿÿ	Твоя Летняя	1
title	Òåàòð òåíåé	Театр теней	1
title	Òåàòðàëüíî-òþðåìíûé ýòþä	Театрально-тюремный этюд	1
title	Òåëåñóäüáû	Телесудьбы	1
title	Òåëåôîííûé Ðàçãîâîð	Телефонный Разговор	1
title	Òåìíàÿ Ëîøàäêà	Темная Лошадка	1
title	Òåìíîòà âïåðåäè - ïîäîæäè!..	Темнота впереди - подожди!..	1
title	Òèøå	Тише	1
title	Òîâàðèù Ñòàëèí	Товарищ Сталин	1
title	Òîëüêî ïðèëåòåëè, ñðàçó ñåëè...	Только прилетели, сразу сели...	1
title	Òîëüêî òû è ÿ	Только ты и я	1
title	Òîëüêî ýòîò äåíü	Только этот день	1
title	Òîò, êîòîðûé íå ñòðåëÿë	Тот, который не стрелял	1
title	Òîò, êòî ðàíüøå ñ íåþ áûë	Тот, кто раньше с нею был	1
title	Òû âñÿ èç îãíÿ	Ты вся из огня	1
title	Òû ìîé õëåá, ìîÿ ñîëü	Ты мой хлеб, моя соль	1
title	Òû ïîìíèøü, ìóñÿ	Ты помнишь, муся	1
title	Òû óõîäèøü	Ты уходишь	1
title	Òû, òû, òû	Ты, ты, ты	1
title	Òûð-òûð-òûð [Òîòàëèòàðíûé ðýï]	Тыр-тыр-тыр [Тоталитарный рэп]	1
title	Ó Áèëëè Äæîýëà...	У Билли Джоэла...	1
title	Ó ìåíÿ äðóçüÿ î÷åíü ñòðàííûå	У меня друзья очень странные	1
title	Ó òåáÿ ãëàçà - êàê íîæ	У тебя глаза - как нож	1
title	Óëüòèìàòóì	Ультиматум	1
title	Óòåêàé	Утекай	1
title	Óòèíàÿ îõîòà	Утиная охота	1
title	Óòðî òóìàííîå, óòðî ñåäîå	Утро туманное, утро седое	1
title	Ôàíòàñòèêà	Фантастика	1
title	Ôàðöîâùèê	Фарцовщик	1
title	Ôåäîðèíî Ãîðå	Федорино Горе	1
title	Ôèîëåòîâî-÷åðíûé	Фиолетово-черный	1
title	Ôëàìåíêî Êðàñîòêè ÷. 1	Фламенко Красотки ч. 1	1
title	Ôîðìóëà ðàçîðóæåíèÿ (òåêñò)	Формула разоружения (текст)	1
title	Ôîðìóëèðîâêà	Формулировка	1
title	Ôîòîãðàôèÿ 9õ12	Фотография 9х12	1
title	Ôðàåð, òîëñòûé ôðàåð	Фраер, толстый фраер	1
title	Ôðàíöóçñêèå áåñû	Французские бесы	1
title	Õàëè-Ãàëè Êðèøíà	Хали-Гали Кришна	1
title	ÕàëèÃàëèÊðèøíà	ХалиГалиКришна	1
title	Õîëîäíàÿ ëþáîâü	Холодная любовь	1
title	Öâåòóò öâåòû	Цветут цветы	1
title	Öûãàíñêèå ìîòèâû	Цыганские мотивы	1
title	×¸ðíàÿ Ëóíà	Чёрная Луна	1
title	×¸ðíàÿ äûðà	Чёрная дыра	1
title	×¸ðíûå âîëêè	Чёрные волки	1
title	×åëîâåê çà áîðòîì	Человек за бортом	1
title	×åðíàÿ Ëóíà	Черная Луна	1
title	×åðíîå çîëîòî	Черное золото	1
title	×åòâåðòûé Òðîëëåéáóñ	Четвертый Троллейбус	1
title	×óäåñà	Чудеса	1
title	×óäî-ñíîâèäåíèÿ	Чудо-сновидения	1
title	×óæàÿ êîëåÿ	Чужая колея	1
title	Øàìàìàíû	Шамаманы	1
title	Øàìîðà	Шамора	1
title	Øåðè Áðåíäè	Шери Бренди	1
title	Øåñòîé ëåñíè÷èé	Шестой лесничий	1
title	Øèëîõâîñòü	Шилохвость	1
title	Øëèôîâùèê	Шлифовщик	1
title	Øíûðèò óðêà â øèðìå ó ìàéäàíùè	Шнырит урка в ширме у майданщи	1
title	Øïàëà	Шпала	1
title	Øòîðì	Шторм	1
title	Ùåêîòíî	Щекотно	1
title	Ýé, òîâàðèù	Эй, товарищ	1
title	Ýé,òû,òàì ,íà òîì áåðåãó	Эй,ты,там ,на том берегу	1
title	Ýêñïåðèìåíò	Эксперимент	1
title	Ýïèäåìèÿ	Эпидемия	1
title	Ýõîì Ãîíãà	Эхом Гонга	1
title	Þðèþ Ïåòðîâè÷ó Ëþáèìîâó	Юрию Петровичу Любимову	1
title	ß - ðîäèëñÿ !	Я - родился !	1
title	ß - ñåìåí, â çàêîíå âîð	Я - семен, в законе вор	1
title	ß Øàãàþ Ïî Ìîñêâå	Я Шагаю По Москве	1
title	ß áóäó òàì	Я буду там	1
title	ß áûë äóøîé äóðíîãî îáùåñòâà	Я был душой дурного общества	1
title	ß âåðíóñü	Я вернусь	1
title	ß âîçâðàùàëñÿ äîìîé	Я возвращался домой	1
title	ß êðè÷àë: Âû ÷òî òàì îáîëäåëè...?	Я кричал: Вы что там оболдели...?	1
title	ß ìîòàþñü êàê êëóáîê ïî ãîðîäàì	Я мотаюсь как клубок по городам	1
title	ß íå çâîíþ	Я не звоню	1
title	ß íå ëþáëþ	Я не люблю	1
title	ß ïåòü íå áóäó ñåðåíàäû	Я петь не буду серенады	1
title	ß ïîëìèðà ïî÷òè ÷åðåç çëûå áîè	Я полмира почти через злые бои	1
title	ß ñåãîäíÿ õî÷ó	Я сегодня хочу	1
title	ß ñëûøó òâîé ãîëîñ	Я слышу твой голос	1
title	ß òàíöóþ ïüÿíûé íà ñòîëå	Я танцую пьяный на столе	1
title	ß óñòàë îò áåññîíûõ íî÷åé...	Я устал от бессоных ночей...	1
title	ßäåðíûå ñòàíöèè	Ядерные станции	1
title	ßäîâèòàÿ çâåçäà	Ядовитая звезда	1
title	ßíòàðü	Янтарь	1
title	àýðîáèêà	аэробика	1
title	âîðîíà	ворона	1
title	ñòåðõ	стерх	1
title	òåàòð òåíåé	театр теней	1
title	òîëüêî ýòîò äåíü	только этот день	1
title	òûð òûð òûð	тыр тыр тыр	1
title	øåñòîé ëåñíè÷èé	шестой лесничий	1
